{
  "$schema": "https://raw.githubusercontent.com/theron-wang/VS2022-Editor-Support-for-Tailwind-CSS/refs/heads/main/tailwind.extension.schema.json",
  "ConfigurationFile": "tailwind.config.js",
  "BuildFiles": [],
  "PackageConfigurationFile": "",
  "CustomRegexes": {
    "Razor": {
      "Override": false,
      "Values": []
    },
    "HTML": {
      "Override": false,
      "Values": []
    },
    "JavaScript": {
      "Override": false,
      "Values": []
    }
  },
  "UseCli": false
}